,Date,Number of Cases
0,2020-01-22,
1,2020-01-23,0.0
2,2020-01-24,0.0
3,2020-01-25,0.0
4,2020-01-26,0.0
5,2020-01-27,0.0
6,2020-01-28,0.0
7,2020-01-29,0.0
8,2020-01-30,0.0
9,2020-01-31,0.0
10,2020-02-01,0.0
11,2020-02-02,0.0
12,2020-02-03,0.0
13,2020-02-04,0.0
14,2020-02-05,0.0
15,2020-02-06,0.0
16,2020-02-07,0.0
17,2020-02-08,0.0
18,2020-02-09,0.0
19,2020-02-10,0.0
20,2020-02-11,0.0
21,2020-02-12,0.0
22,2020-02-13,0.0
23,2020-02-14,0.0
24,2020-02-15,0.0
25,2020-02-16,0.0
26,2020-02-17,0.0
27,2020-02-18,0.0
28,2020-02-19,0.0
29,2020-02-20,0.0
30,2020-02-21,0.0
31,2020-02-22,0.0
32,2020-02-23,0.0
33,2020-02-24,0.0
34,2020-02-25,0.0
35,2020-02-26,0.0
36,2020-02-27,0.0
37,2020-02-28,0.0
38,2020-02-29,0.0
39,2020-03-01,0.0
40,2020-03-02,0.0
41,2020-03-03,0.0
42,2020-03-04,0.0
43,2020-03-05,0.0
44,2020-03-06,0.0
45,2020-03-07,0.0
46,2020-03-08,0.0
47,2020-03-09,0.0
48,2020-03-10,0.0
49,2020-03-11,0.0
50,2020-03-12,0.0
51,2020-03-13,5.0
52,2020-03-14,6.0
53,2020-03-15,11.0
54,2020-03-16,7.0
55,2020-03-17,10.0
56,2020-03-18,12.0
57,2020-03-19,27.0
58,2020-03-20,28.0
59,2020-03-21,25.0
60,2020-03-22,36.0
61,2020-03-23,29.0
62,2020-03-24,46.0
63,2020-03-25,144.0
64,2020-03-26,145.0
65,2020-03-27,108.0
66,2020-03-28,78.0
67,2020-03-29,108.0
68,2020-03-30,116.0
69,2020-03-31,56.0
70,2020-04-01,109.0
71,2020-04-02,164.0
72,2020-04-03,264.0
73,2020-04-04,98.0
74,2020-04-05,208.0
75,2020-04-06,163.0
76,2020-04-07,194.0
77,2020-04-08,300.0
78,2020-04-09,341.0
79,2020-04-10,169.0
80,2020-04-11,255.0
81,2020-04-12,319.0
82,2020-04-13,220.0
83,2020-04-14,150.0
84,2020-04-15,286.0
85,2020-04-16,163.0
86,2020-04-17,115.0
87,2020-04-18,204.0
88,2020-04-19,178.0
89,2020-04-20,177.0
90,2020-04-21,243.0
91,2020-04-22,281.0
92,2020-04-23,227.0
93,2020-04-24,201.0
94,2020-04-25,187.0
95,2020-04-26,204.0
96,2020-04-27,120.0
97,2020-04-28,207.0
98,2020-04-29,172.0
99,2020-04-30,147.0
100,2020-05-01,231.0
101,2020-05-02,317.0
102,2020-05-03,274.0
103,2020-05-04,225.0
104,2020-05-05,326.0
105,2020-05-06,255.0
106,2020-05-07,355.0
107,2020-05-08,338.0
108,2020-05-09,284.0
109,2020-05-10,221.0
110,2020-05-11,275.0
111,2020-05-12,304.0
112,2020-05-13,231.0
113,2020-05-14,395.0
114,2020-05-15,293.0
115,2020-05-16,284.0
116,2020-05-17,97.0
117,2020-05-18,310.0
118,2020-05-19,296.0
119,2020-05-20,675.0
120,2020-05-21,361.0
121,2020-05-22,260.0
122,2020-05-23,482.0
123,2020-05-24,355.0
124,2020-05-25,687.0
125,2020-05-26,454.0
126,2020-05-27,381.0
127,2020-05-28,524.0
128,2020-05-29,478.0
129,2020-05-30,327.0
130,2020-05-31,491.0
131,2020-06-01,397.0
132,2020-06-02,181.0
133,2020-06-03,126.0
134,2020-06-04,213.0
135,2020-06-05,307.0
136,2020-06-06,636.0
137,2020-06-07,457.0
138,2020-06-08,424.0
139,2020-06-09,481.0
140,2020-06-10,555.0
141,2020-06-11,848.0
142,2020-06-12,859.0
143,2020-06-13,887.0
144,2020-06-14,1015.0
145,2020-06-15,1037.0
146,2020-06-16,640.0
147,2020-06-17,400.0
148,2020-06-18,894.0
149,2020-06-19,796.0
150,2020-06-20,547.0
151,2020-06-21,472.0
152,2020-06-22,432.0
153,2020-06-23,644.0
154,2020-06-24,967.0
155,2020-06-25,1142.0
156,2020-06-26,974.0
157,2020-06-27,897.0
158,2020-06-28,353.0
159,2020-06-29,1744.0
160,2020-06-30,871.0
161,2020-07-01,917.0
162,2020-07-02,1149.0
163,2020-07-03,1753.0
164,2020-07-04,998.0
165,2020-07-05,1089.0
166,2020-07-06,923.0
167,2020-07-07,910.0
168,2020-07-08,1178.0
169,2020-07-09,2211.0
170,2020-07-10,1335.0
171,2020-07-11,1439.0
172,2020-07-12,1640.0
173,2020-07-13,1958.0
174,2020-07-14,1709.0
175,2020-07-15,1813.0
176,2020-07-16,2021.0
177,2020-07-17,2003.0
178,2020-07-18,2143.0
179,2020-07-19,1777.0
180,2020-07-20,1880.0
181,2020-07-21,1466.0
182,2020-07-22,1455.0
183,2020-07-23,2399.0
184,2020-07-24,1794.0
185,2020-07-25,2125.0
186,2020-07-26,1164.0
187,2020-07-27,1821.0
188,2020-07-28,1177.0
189,2020-07-29,74.0
190,2020-07-30,3394.0
191,2020-07-31,1961.0
192,2020-08-01,1626.0
193,2020-08-02,2095.0
194,2020-08-03,1216.0
195,2020-08-04,1044.0
196,2020-08-05,952.0
197,2020-08-06,1938.0
198,2020-08-07,1707.0
199,2020-08-08,1873.0
200,2020-08-09,1159.0
201,2020-08-10,1677.0
202,2020-08-11,841.0
203,2020-08-12,935.0
204,2020-08-13,773.0
205,2020-08-14,752.0
206,2020-08-15,1271.0
207,2020-08-16,853.0
208,2020-08-17,571.0
209,2020-08-18,1354.0
210,2020-08-19,1104.0
211,2020-08-20,940.0
212,2020-08-21,368.0
213,2020-08-22,1762.0
214,2020-08-23,528.0
215,2020-08-24,1647.0
216,2020-08-25,533.0
217,2020-08-26,2010.0
218,2020-08-27,1773.0
219,2020-08-28,1160.0
220,2020-08-29,1706.0
221,2020-08-30,1346.0
222,2020-08-31,823.0
223,2020-09-01,1557.0
224,2020-09-02,623.0
225,2020-09-03,1046.0
226,2020-09-04,1109.0
227,2020-09-05,1410.0
228,2020-09-06,510.0
229,2020-09-07,659.0
230,2020-09-08,633.0
231,2020-09-09,811.0
232,2020-09-10,1149.0
233,2020-09-11,1138.0
234,2020-09-12,943.0
235,2020-09-13,1107.0
236,2020-09-14,701.0
237,2020-09-15,702.0
238,2020-09-16,925.0
239,2020-09-17,675.0
240,2020-09-18,1105.0
241,2020-09-19,1303.0
242,2020-09-20,796.0
243,2020-09-21,816.0
244,2020-09-22,802.0
245,2020-09-23,575.0
246,2020-09-24,0.0
247,2020-09-25,3497.0
248,2020-09-26,937.0
249,2020-09-27,730.0
250,2020-09-28,659.0
251,2020-09-29,574.0
252,2020-09-30,1149.0
253,2020-10-01,1045.0
254,2020-10-02,954.0
255,2020-10-03,1682.0
256,2020-10-04,789.0
257,2020-10-05,544.0
258,2020-10-06,763.0
259,2020-10-07,939.0
260,2020-10-08,560.0
261,2020-10-09,1489.0
262,2020-10-10,1061.0
263,2020-10-11,817.0
264,2020-10-12,734.0
265,2020-10-13,1112.0
266,2020-10-14,787.0
267,2020-10-15,1186.0
268,2020-10-16,1212.0
269,2020-10-17,1289.0
270,2020-10-18,964.0
271,2020-10-19,857.0
272,2020-10-20,1044.0
273,2020-10-21,1146.0
274,2020-10-22,1391.0
275,2020-10-23,3852.0
276,2020-10-24,2360.0
277,2020-10-25,1079.0
278,2020-10-26,965.0
279,2020-10-27,1116.0
280,2020-10-28,1269.0
281,2020-10-29,1444.0
282,2020-10-30,1347.0
283,2020-10-31,1789.0
284,2020-11-01,1698.0
285,2020-11-02,902.0
286,2020-11-03,1044.0
287,2020-11-04,1848.0
288,2020-11-05,1381.0
289,2020-11-06,1555.0
290,2020-11-07,1769.0
291,2020-11-08,1205.0
292,2020-11-09,1169.0
293,2020-11-10,1711.0
294,2020-11-11,2069.0
295,2020-11-12,2001.0
296,2020-11-13,2980.0
297,2020-11-14,2226.0
298,2020-11-15,1979.0
299,2020-11-16,1410.0
300,2020-11-17,1614.0
301,2020-11-18,2640.0
302,2020-11-19,2424.0
303,2020-11-20,2463.0
304,2020-11-21,2335.0
305,2020-11-22,1798.0
306,2020-11-23,1572.0
307,2020-11-24,2787.0
308,2020-11-25,2453.0
309,2020-11-26,2639.0
310,2020-11-27,917.0
311,2020-11-28,2119.0
312,2020-11-29,2236.0
313,2020-11-30,2294.0
314,2020-12-01,3377.0
315,2020-12-02,3928.0
316,2020-12-03,3531.0
317,2020-12-04,3840.0
318,2020-12-05,3390.0
319,2020-12-06,2288.0
320,2020-12-07,2351.0
321,2020-12-08,4437.0
322,2020-12-09,3522.0
323,2020-12-10,4735.0
324,2020-12-11,3853.0
325,2020-12-12,0.0
326,2020-12-13,0.0
327,2020-12-14,9112.0
328,2020-12-15,3646.0
329,2020-12-16,4107.0
330,2020-12-17,4695.0
331,2020-12-18,5348.0
332,2020-12-19,4221.0
333,2020-12-20,2547.0
334,2020-12-21,2381.0
335,2020-12-22,4979.0
336,2020-12-23,4758.0
337,2020-12-24,4232.0
338,2020-12-25,3623.0
339,2020-12-26,1032.0
340,2020-12-27,2172.0
341,2020-12-28,2266.0
342,2020-12-29,3910.0
343,2020-12-30,5016.0
344,2020-12-31,4406.0
345,2021-01-01,4521.0
346,2021-01-02,3711.0
347,2021-01-03,2476.0
348,2021-01-04,2160.0
349,2021-01-05,5499.0
350,2021-01-06,4591.0
351,2021-01-07,5046.0
352,2021-01-08,5057.0
353,2021-01-09,4863.0
354,2021-01-10,2750.0
355,2021-01-11,2097.0
356,2021-01-12,3843.0
357,2021-01-13,3145.0
358,2021-01-14,3591.0
359,2021-01-15,2952.0
360,2021-01-16,3153.0
361,2021-01-17,1917.0
362,2021-01-18,1429.0
363,2021-01-19,2516.0
364,2021-01-20,3112.0
365,2021-01-21,2881.0
366,2021-01-22,3551.0
367,2021-01-23,3355.0
368,2021-01-24,1728.0
369,2021-01-25,1839.0
370,2021-01-26,2899.0
371,2021-01-27,3178.0
372,2021-01-28,3644.0
373,2021-01-29,2852.0
374,2021-01-30,0.0
375,2021-01-31,4057.0
376,2021-02-01,1221.0
377,2021-02-02,2058.0
378,2021-02-03,2138.0
379,2021-02-04,2767.0
380,2021-02-05,1496.0
381,2021-02-06,1993.0
382,2021-02-07,1120.0
383,2021-02-08,933.0
384,2021-02-09,1313.0
385,2021-02-10,1390.0
386,2021-02-11,1556.0
387,2021-02-12,1092.0
388,2021-02-13,1169.0
389,2021-02-14,1061.0
390,2021-02-15,671.0
391,2021-02-16,871.0
392,2021-02-17,690.0
393,2021-02-18,1189.0
394,2021-02-19,848.0
395,2021-02-20,774.0
396,2021-02-21,777.0
397,2021-02-22,673.0
398,2021-02-23,1403.0
399,2021-02-24,1296.0
400,2021-02-25,978.0
401,2021-02-26,752.0
402,2021-02-27,828.0
403,2021-02-28,561.0
404,2021-03-01,513.0
405,2021-03-02,672.0
406,2021-03-03,2719.0
407,2021-03-04,924.0
408,2021-03-05,813.0
409,2021-03-06,547.0
410,2021-03-07,386.0
411,2021-03-08,267.0
412,2021-03-09,525.0
413,2021-03-10,780.0
414,2021-03-11,862.0
415,2021-03-12,461.0
416,2021-03-13,585.0
417,2021-03-14,369.0
418,2021-03-15,4550.0
419,2021-03-16,503.0
420,2021-03-17,760.0
421,2021-03-18,567.0
422,2021-03-19,528.0
423,2021-03-20,510.0
424,2021-03-21,365.0
425,2021-03-22,319.0
426,2021-03-23,99.0
427,2021-03-24,837.0
428,2021-03-25,443.0
429,2021-03-26,444.0
430,2021-03-27,493.0
431,2021-03-28,317.0
432,2021-03-29,227.0
433,2021-03-30,373.0
434,2021-03-31,408.0
435,2021-04-01,470.0
436,2021-04-02,416.0
437,2021-04-03,353.0
438,2021-04-04,191.0
439,2021-04-05,110.0
440,2021-04-06,243.0
441,2021-04-07,411.0
442,2021-04-08,457.0
443,2021-04-09,160.0
444,2021-04-10,354.0
445,2021-04-11,311.0
446,2021-04-12,172.0
447,2021-04-13,1432.0
448,2021-04-14,277.0
449,2021-04-15,421.0
450,2021-04-16,422.0
451,2021-04-17,508.0
452,2021-04-18,270.0
453,2021-04-19,111.0
454,2021-04-20,1443.0
455,2021-04-21,412.0
456,2021-04-22,682.0
457,2021-04-23,428.0
458,2021-04-24,421.0
459,2021-04-25,233.0
460,2021-04-26,217.0
461,2021-04-27,359.0
462,2021-04-28,376.0
463,2021-04-29,430.0
464,2021-04-30,409.0
465,2021-05-01,387.0
466,2021-05-02,288.0
467,2021-05-03,187.0
468,2021-05-04,0.0
469,2021-05-05,662.0
470,2021-05-06,565.0
471,2021-05-07,314.0
472,2021-05-08,419.0
473,2021-05-09,244.0
474,2021-05-10,106.0
475,2021-05-11,310.0
476,2021-05-12,347.0
477,2021-05-13,1144.0
478,2021-05-14,4918.0
479,2021-05-15,2016.0
480,2021-05-16,254.0
481,2021-05-17,184.0
482,2021-05-18,336.0
483,2021-05-19,288.0
484,2021-05-20,339.0
485,2021-05-21,443.0
486,2021-05-22,255.0
487,2021-05-23,196.0
488,2021-05-24,132.0
489,2021-05-25,306.0
490,2021-05-26,269.0
491,2021-05-27,346.0
492,2021-05-28,228.0
493,2021-05-29,0.0
494,2021-05-30,0.0
495,2021-05-31,0.0
496,2021-06-01,640.0
497,2021-06-02,553.0
498,2021-06-03,430.0
499,2021-06-04,557.0
500,2021-06-05,0.0
501,2021-06-06,0.0
502,2021-06-07,739.0
503,2021-06-08,216.0
504,2021-06-09,305.0
505,2021-06-10,290.0
506,2021-06-11,188.0
507,2021-06-12,0.0
508,2021-06-13,0.0
509,2021-06-14,550.0
510,2021-06-15,290.0
511,2021-06-16,160.0
512,2021-06-17,0.0
513,2021-06-18,334.0
514,2021-06-19,0.0
515,2021-06-20,0.0
516,2021-06-21,356.0
517,2021-06-22,0.0
518,2021-06-23,381.0
519,2021-06-24,0.0
520,2021-06-25,540.0
521,2021-06-26,0.0
522,2021-06-27,0.0
523,2021-06-28,517.0
524,2021-06-29,0.0
525,2021-06-30,532.0
526,2021-07-01,0.0
527,2021-07-02,315.0
528,2021-07-03,0.0
529,2021-07-04,0.0
530,2021-07-05,0.0
531,2021-07-06,0.0
532,2021-07-07,1613.0
533,2021-07-08,0.0
534,2021-07-09,1160.0
535,2021-07-10,534.0
536,2021-07-11,0.0
537,2021-07-12,610.0
538,2021-07-13,0.0
539,2021-07-14,1398.0
540,2021-07-15,965.0
541,2021-07-16,999.0
542,2021-07-17,901.0
543,2021-07-18,724.0
544,2021-07-19,718.0
545,2021-07-20,1391.0
546,2021-07-21,1632.0
547,2021-07-22,1567.0
548,2021-07-23,1733.0
549,2021-07-24,1888.0
550,2021-07-25,1536.0
551,2021-07-26,1403.0
552,2021-07-27,2667.0
553,2021-07-28,2726.0
554,2021-07-29,0.0
555,2021-07-30,0.0
556,2021-07-31,10894.0
557,2021-08-01,1451.0
558,2021-08-02,1385.0
559,2021-08-03,1224.0
560,2021-08-04,3399.0
561,2021-08-05,3817.0
562,2021-08-06,3685.0
563,2021-08-07,0.0
564,2021-08-08,0.0
565,2021-08-09,8768.0
566,2021-08-10,3815.0
567,2021-08-11,3851.0
568,2021-08-12,4167.0
569,2021-08-13,3986.0
570,2021-08-14,0.0
571,2021-08-15,0.0
572,2021-08-16,9458.0
573,2021-08-17,4023.0
574,2021-08-18,4465.0
575,2021-08-19,3890.0
576,2021-08-20,3799.0
577,2021-08-21,0.0
578,2021-08-22,0.0
579,2021-08-23,12113.0
580,2021-08-24,0.0
581,2021-08-25,0.0
582,2021-08-26,11142.0
583,2021-08-27,5033.0
584,2021-08-28,0.0
585,2021-08-29,0.0
586,2021-08-30,12695.0
587,2021-08-31,5206.0
588,2021-09-01,4691.0
589,2021-09-02,5312.0
590,2021-09-03,5128.0
591,2021-09-04,0.0
592,2021-09-05,0.0
593,2021-09-06,0.0
594,2021-09-07,12500.0
595,2021-09-08,4791.0
596,2021-09-09,4367.0
597,2021-09-10,4800.0
598,2021-09-11,0.0
599,2021-09-12,0.0
600,2021-09-13,8980.0
601,2021-09-14,3944.0
602,2021-09-15,3651.0
603,2021-09-16,3972.0
604,2021-09-17,2974.0
605,2021-09-18,0.0
606,2021-09-19,0.0
607,2021-09-20,7472.0
608,2021-09-21,3220.0
609,2021-09-22,3018.0
610,2021-09-23,3366.0
611,2021-09-24,2569.0
612,2021-09-25,0.0
613,2021-09-26,0.0
614,2021-09-27,6164.0
615,2021-09-28,1984.0
616,2021-09-29,2141.0
617,2021-09-30,1702.0
618,2021-10-01,1845.0
619,2021-10-02,0.0
620,2021-10-03,0.0
621,2021-10-04,3108.0
622,2021-10-05,1549.0
623,2021-10-06,1272.0
624,2021-10-07,1262.0
625,2021-10-08,1049.0
626,2021-10-09,0.0
627,2021-10-10,0.0
628,2021-10-11,2039.0
629,2021-10-12,886.0
630,2021-10-13,1016.0
631,2021-10-14,1050.0
632,2021-10-15,1143.0
633,2021-10-16,0.0
634,2021-10-17,0.0
635,2021-10-18,1669.0
636,2021-10-19,961.0
637,2021-10-20,665.0
638,2021-10-21,1065.0
639,2021-10-22,1598.0
640,2021-10-23,0.0
641,2021-10-24,0.0
642,2021-10-25,1660.0
643,2021-10-26,943.0
644,2021-10-27,7393.0
645,2021-10-28,2141.0
646,2021-10-29,376.0
647,2021-10-30,0.0
648,2021-10-31,0.0
649,2021-11-01,1099.0
650,2021-11-02,745.0
651,2021-11-03,484.0
652,2021-11-04,1089.0
653,2021-11-05,575.0
654,2021-11-06,0.0
655,2021-11-07,0.0
656,2021-11-08,1098.0
657,2021-11-09,995.0
658,2021-11-10,178.0
659,2021-11-11,686.0
660,2021-11-12,722.0
661,2021-11-13,0.0
662,2021-11-14,0.0
663,2021-11-15,1117.0
664,2021-11-16,542.0
665,2021-11-17,496.0
666,2021-11-18,492.0
667,2021-11-19,473.0
668,2021-11-20,0.0
669,2021-11-21,0.0
670,2021-11-22,1205.0
671,2021-11-23,619.0
672,2021-11-24,416.0
673,2021-11-25,398.0
674,2021-11-26,0.0
675,2021-11-27,0.0
676,2021-11-28,0.0
677,2021-11-29,690.0
678,2021-11-30,477.0
679,2021-12-01,536.0
680,2021-12-02,767.0
681,2021-12-03,595.0
682,2021-12-04,0.0
683,2021-12-05,0.0
684,2021-12-06,1120.0
685,2021-12-07,630.0
686,2021-12-08,687.0
687,2021-12-09,549.0
688,2021-12-10,592.0
689,2021-12-11,0.0
690,2021-12-12,0.0
691,2021-12-13,1337.0
692,2021-12-14,1655.0
693,2021-12-15,647.0
694,2021-12-16,816.0
695,2021-12-17,908.0
696,2021-12-18,0.0
697,2021-12-19,0.0
698,2021-12-20,1796.0
699,2021-12-21,1254.0
700,2021-12-22,1460.0
701,2021-12-23,2060.0
702,2021-12-24,2466.0
703,2021-12-25,0.0
704,2021-12-26,0.0
705,2021-12-27,4991.0
706,2021-12-28,3705.0
707,2021-12-29,5975.0
708,2021-12-30,8256.0
709,2021-12-31,8051.0
710,2022-01-01,0.0
711,2022-01-02,0.0
712,2022-01-03,0.0
713,2022-01-04,24561.0
714,2022-01-05,11075.0
715,2022-01-06,12626.0
716,2022-01-07,12972.0
717,2022-01-08,0.0
718,2022-01-09,0.0
719,2022-01-10,27034.0
720,2022-01-11,8536.0
721,2022-01-12,11204.0
722,2022-01-13,0.0
723,2022-01-14,0.0
724,2022-01-15,0.0
725,2022-01-16,0.0
726,2022-01-17,59914.0
727,2022-01-18,6728.0
728,2022-01-19,17106.0
729,2022-01-20,15986.0
730,2022-01-21,16525.0
731,2022-01-22,0.0
732,2022-01-23,0.0
733,2022-01-24,32268.0
734,2022-01-25,0.0
735,2022-01-26,0.0
736,2022-01-27,0.0
737,2022-01-28,0.0
738,2022-01-29,0.0
739,2022-01-30,0.0
740,2022-01-31,0.0
741,2022-02-01,76151.0
742,2022-02-02,0.0
743,2022-02-03,0.0
744,2022-02-04,11196.0
745,2022-02-05,0.0
746,2022-02-06,0.0
747,2022-02-07,5380.0
748,2022-02-08,4507.0
749,2022-02-09,0.0
750,2022-02-10,6362.0
751,2022-02-11,2835.0
752,2022-02-12,0.0
753,2022-02-13,0.0
754,2022-02-14,4216.0
755,2022-02-15,2136.0
756,2022-02-16,1975.0
757,2022-02-17,2108.0
758,2022-02-18,1440.0
759,2022-02-19,0.0
760,2022-02-20,0.0
761,2022-02-21,2029.0
762,2022-02-22,639.0
763,2022-02-23,1232.0
764,2022-02-24,1225.0
765,2022-02-25,1257.0
766,2022-02-26,0.0
767,2022-02-27,0.0
768,2022-02-28,1728.0
769,2022-03-01,786.0
770,2022-03-02,1259.0
771,2022-03-03,762.0
772,2022-03-04,573.0
773,2022-03-05,0.0
774,2022-03-06,0.0
775,2022-03-07,3710.0
776,2022-03-08,631.0
777,2022-03-09,536.0
778,2022-03-10,632.0
779,2022-03-11,545.0
780,2022-03-12,0.0
781,2022-03-13,0.0
782,2022-03-14,511.0
783,2022-03-15,217.0
784,2022-03-16,438.0
785,2022-03-17,527.0
786,2022-03-18,494.0
787,2022-03-19,0.0
788,2022-03-20,0.0
789,2022-03-21,375.0
790,2022-03-22,200.0
791,2022-03-23,185.0
792,2022-03-24,398.0
793,2022-03-25,164.0
794,2022-03-26,0.0
795,2022-03-27,0.0
796,2022-03-28,2024.0
797,2022-03-29,284.0
798,2022-03-30,253.0
799,2022-03-31,258.0
800,2022-04-01,141.0
801,2022-04-02,0.0
802,2022-04-03,0.0
803,2022-04-04,424.0
804,2022-04-05,237.0
805,2022-04-06,219.0
806,2022-04-07,210.0
807,2022-04-08,172.0
808,2022-04-09,0.0
809,2022-04-10,0.0
810,2022-04-11,361.0
811,2022-04-12,214.0
812,2022-04-13,156.0
813,2022-04-14,188.0
814,2022-04-15,220.0
815,2022-04-16,0.0
816,2022-04-17,0.0
817,2022-04-18,968.0
818,2022-04-19,-364.0
819,2022-04-20,153.0
820,2022-04-21,254.0
821,2022-04-22,257.0
822,2022-04-23,0.0
823,2022-04-24,0.0
824,2022-04-25,679.0
825,2022-04-26,260.0
826,2022-04-27,202.0
827,2022-04-28,233.0
828,2022-04-29,222.0
829,2022-04-30,0.0
830,2022-05-01,0.0
831,2022-05-02,438.0
832,2022-05-03,292.0
833,2022-05-04,342.0
834,2022-05-05,350.0
835,2022-05-06,242.0
836,2022-05-07,0.0
837,2022-05-08,0.0
838,2022-05-09,548.0
839,2022-05-10,496.0
840,2022-05-11,394.0
841,2022-05-12,456.0
842,2022-05-13,419.0
843,2022-05-14,0.0
844,2022-05-15,0.0
845,2022-05-16,955.0
846,2022-05-17,451.0
847,2022-05-18,546.0
848,2022-05-19,629.0
849,2022-05-20,592.0
850,2022-05-21,0.0
851,2022-05-22,0.0
852,2022-05-23,1302.0
853,2022-05-24,0.0
854,2022-05-25,1328.0
855,2022-05-26,868.0
856,2022-05-27,0.0
857,2022-05-28,0.0
858,2022-05-29,0.0
859,2022-05-30,1056.0
860,2022-05-31,2526.0
861,2022-06-01,971.0
862,2022-06-02,1095.0
863,2022-06-03,0.0
864,2022-06-04,0.0
865,2022-06-05,0.0
866,2022-06-06,3679.0
867,2022-06-07,1184.0
868,2022-06-08,1065.0
869,2022-06-09,1221.0
870,2022-06-10,1183.0
871,2022-06-11,0.0
872,2022-06-12,0.0
873,2022-06-13,2960.0
874,2022-06-14,1506.0
875,2022-06-15,1625.0
876,2022-06-16,1685.0
877,2022-06-17,1844.0
878,2022-06-18,0.0
879,2022-06-19,0.0
880,2022-06-20,3196.0
881,2022-06-21,1933.0
882,2022-06-22,2040.0
883,2022-06-23,2083.0
884,2022-06-24,2035.0
885,2022-06-25,0.0
886,2022-06-26,0.0
887,2022-06-27,4467.0
888,2022-06-28,2180.0
889,2022-06-29,2425.0
890,2022-06-30,1926.0
891,2022-07-01,1785.0
892,2022-07-02,0.0
893,2022-07-03,0.0
894,2022-07-04,3337.0
895,2022-07-05,806.0
896,2022-07-06,4376.0
897,2022-07-07,3222.0
898,2022-07-08,2892.0
899,2022-07-09,0.0
900,2022-07-10,0.0
901,2022-07-11,4575.0
902,2022-07-12,3878.0
903,2022-07-13,2699.0
904,2022-07-14,2893.0
905,2022-07-15,2604.0
906,2022-07-16,0.0
907,2022-07-17,0.0
908,2022-07-18,5952.0
909,2022-07-19,2701.0
910,2022-07-20,2907.0
911,2022-07-21,2917.0
912,2022-07-22,2889.0
913,2022-07-23,0.0
914,2022-07-24,0.0
915,2022-07-25,5727.0
916,2022-07-26,2884.0
917,2022-07-27,2765.0
918,2022-07-28,2685.0
919,2022-07-29,2651.0
920,2022-07-30,0.0
921,2022-07-31,0.0
922,2022-08-01,0.0
923,2022-08-02,0.0
924,2022-08-03,0.0
925,2022-08-04,12047.0
926,2022-08-05,0.0
927,2022-08-06,0.0
928,2022-08-07,0.0
929,2022-08-08,0.0
930,2022-08-09,0.0
931,2022-08-10,0.0
932,2022-08-11,13354.0
933,2022-08-12,0.0
934,2022-08-13,0.0
935,2022-08-14,0.0
936,2022-08-15,0.0
937,2022-08-16,0.0
938,2022-08-17,0.0
939,2022-08-18,14121.0
940,2022-08-19,0.0
941,2022-08-20,0.0
942,2022-08-21,0.0
943,2022-08-22,0.0
944,2022-08-23,0.0
945,2022-08-24,0.0
946,2022-08-25,15672.0
947,2022-08-26,0.0
948,2022-08-27,0.0
949,2022-08-28,0.0
950,2022-08-29,0.0
951,2022-08-30,0.0
952,2022-08-31,0.0
953,2022-09-01,14695.0
954,2022-09-02,0.0
955,2022-09-03,0.0
956,2022-09-04,0.0
957,2022-09-05,0.0
958,2022-09-06,0.0
959,2022-09-07,0.0
960,2022-09-08,9880.0
961,2022-09-09,0.0
962,2022-09-10,0.0
963,2022-09-11,0.0
964,2022-09-12,0.0
965,2022-09-13,0.0
966,2022-09-14,0.0
967,2022-09-15,7954.0
968,2022-09-16,0.0
969,2022-09-17,0.0
970,2022-09-18,0.0
971,2022-09-19,0.0
972,2022-09-20,0.0
973,2022-09-21,0.0
974,2022-09-22,5770.0
975,2022-09-23,0.0
976,2022-09-24,0.0
977,2022-09-25,0.0
978,2022-09-26,0.0
979,2022-09-27,0.0
980,2022-09-28,0.0
981,2022-09-29,4231.0
982,2022-09-30,0.0
983,2022-10-01,0.0
984,2022-10-02,0.0
985,2022-10-03,0.0
986,2022-10-04,0.0
987,2022-10-05,0.0
988,2022-10-06,3589.0
989,2022-10-07,0.0
990,2022-10-08,0.0
991,2022-10-09,0.0
992,2022-10-10,0.0
993,2022-10-11,0.0
994,2022-10-12,0.0
995,2022-10-13,3015.0
996,2022-10-14,0.0
997,2022-10-15,0.0
998,2022-10-16,0.0
999,2022-10-17,0.0
1000,2022-10-18,0.0
1001,2022-10-19,0.0
1002,2022-10-20,2566.0
1003,2022-10-21,0.0
1004,2022-10-22,0.0
1005,2022-10-23,0.0
1006,2022-10-24,0.0
1007,2022-10-25,0.0
1008,2022-10-26,0.0
1009,2022-10-27,2982.0
1010,2022-10-28,0.0
1011,2022-10-29,0.0
1012,2022-10-30,0.0
1013,2022-10-31,0.0
1014,2022-11-01,0.0
1015,2022-11-02,0.0
1016,2022-11-03,0.0
1017,2022-11-04,0.0
1018,2022-11-05,0.0
1019,2022-11-06,0.0
1020,2022-11-07,0.0
1021,2022-11-08,0.0
1022,2022-11-09,0.0
1023,2022-11-10,6042.0
1024,2022-11-11,0.0
1025,2022-11-12,0.0
1026,2022-11-13,0.0
1027,2022-11-14,0.0
1028,2022-11-15,0.0
1029,2022-11-16,1898.0
1030,2022-11-17,0.0
1031,2022-11-18,0.0
1032,2022-11-19,0.0
1033,2022-11-20,0.0
1034,2022-11-21,0.0
1035,2022-11-22,0.0
1036,2022-11-23,2872.0
1037,2022-11-24,0.0
1038,2022-11-25,0.0
1039,2022-11-26,0.0
1040,2022-11-27,0.0
1041,2022-11-28,0.0
1042,2022-11-29,0.0
1043,2022-11-30,4186.0
1044,2022-12-01,0.0
1045,2022-12-02,0.0
1046,2022-12-03,0.0
1047,2022-12-04,0.0
1048,2022-12-05,0.0
1049,2022-12-06,0.0
1050,2022-12-07,0.0
1051,2022-12-08,0.0
1052,2022-12-09,5807.0
1053,2022-12-10,0.0
1054,2022-12-11,0.0
1055,2022-12-12,0.0
1056,2022-12-13,0.0
1057,2022-12-14,0.0
1058,2022-12-15,0.0
1059,2022-12-16,6465.0
1060,2022-12-17,0.0
1061,2022-12-18,0.0
1062,2022-12-19,0.0
1063,2022-12-20,0.0
1064,2022-12-21,7377.0
1065,2022-12-22,0.0
1066,2022-12-23,0.0
1067,2022-12-24,0.0
1068,2022-12-25,0.0
1069,2022-12-26,0.0
1070,2022-12-27,0.0
1071,2022-12-28,0.0
1072,2022-12-29,0.0
1073,2022-12-30,0.0
1074,2022-12-31,0.0
1075,2023-01-01,0.0
1076,2023-01-02,0.0
1077,2023-01-03,0.0
1078,2023-01-04,0.0
1079,2023-01-05,0.0
1080,2023-01-06,18290.0
1081,2023-01-07,0.0
1082,2023-01-08,0.0
1083,2023-01-09,0.0
1084,2023-01-10,0.0
1085,2023-01-11,0.0
1086,2023-01-12,8925.0
1087,2023-01-13,0.0
1088,2023-01-14,0.0
1089,2023-01-15,0.0
1090,2023-01-16,0.0
